4080582,2002-01-01 00:00:00,DECEPTIVE PRACTICE,-87.751242557,41.865799781
4197402,2002-01-01 00:00:00,OFFENSE INVOLVING CHILDREN,-87.692965274,41.762260854
4132864,2002-11-01 00:01:00,THEFT,-87.671312895,41.947806356
4177121,2003-04-05 00:01:00,THEFT,-87.708723979,41.84558448
4059297,2004-01-26 00:00:00,DECEPTIVE PRACTICE,-87.637588738,41.898158786
4215673,2004-04-15 12:00:00,THEFT,-87.729556209,41.904425604
4195106,2004-05-01 12:00:00,SEX OFFENSE,-87.669768502,41.80622723
4102493,2004-06-02 04:50:00,BATTERY,-87.749600439,41.880443015
4226468,2004-07-19 21:26:00,BATTERY,-87.61923847,41.826506269
4254065,2004-08-01 09:00:00,THEFT,-87.670068676,41.771423151
4224334,2004-09-07 21:50:00,BATTERY,-87.725144529,41.885436869
4234450,2004-10-01 00:00:00,THEFT,-87.691892156,42.017680691
4166129,2004-10-10 16:00:00,SEX OFFENSE,-87.711573544,41.85982619
4179267,2004-11-22 17:35:00,BATTERY,-87.604276769,41.805108498
4205799,2004-11-22 19:00:00,DECEPTIVE PRACTICE,-87.621019843,41.73755298
4201117,2004-12-03 01:53:38,PROSTITUTION,-87.629725251,41.894417133
4070423,2004-12-15 00:01:00,THEFT,-87.767912706,41.945863902
4117105,2004-12-20 15:00:00,DECEPTIVE PRACTICE,-87.653872863,41.671276106
4113452,2004-12-24 15:34:47,ASSAULT,-87.72628358,41.880717301
4092100,2004-12-25 10:00:00,DECEPTIVE PRACTICE,-87.654913291,41.961774694
4101836,2005-01-01 00:01:00,DECEPTIVE PRACTICE,-87.770961208,41.972906633
4054852,2005-01-01 10:00:00,THEFT,-87.612905972,41.768200154
4299105,2005-01-01 13:13:00,ROBBERY,-87.594866522,41.725400721
4044832,2005-01-02 18:10:00,OTHER OFFENSE,-87.73180152,41.970825602
4053131,2005-01-05 11:00:00,ASSAULT,-87.708445893,41.967550502
4178178,2005-01-07 22:00:00,CRIMINAL TRESPASS,-87.605993706,41.783340761
4246117,2005-01-10 15:00:00,THEFT,-87.540107826,41.695040374
4142064,2005-01-12 19:57:30,CRIMINAL TRESPASS,-87.677139468,41.899020035
4235473,2005-01-14 15:25:00,BURGLARY,-87.690620535,41.982053991
4244114,2005-01-29 14:20:00,NARCOTICS,-87.746168504,41.875867319
4256341,2005-02-04 03:44:27,BATTERY,-87.652870299,41.748687578
4209614,2005-02-04 10:15:00,THEFT,-87.662382149,41.802641458
4207428,2005-02-05 10:00:00,THEFT,-87.78441939,41.938342509
4216411,2005-02-16 09:00:00,DECEPTIVE PRACTICE,-87.763029002,41.970433391
4275567,2005-02-23 22:50:14,OTHER OFFENSE,-87.733351993,41.836780437
4155889,2005-02-28 06:00:00,MOTOR VEHICLE THEFT,-87.621061298,41.803391597
4264512,2005-03-01 00:00:00,THEFT,-87.665006339,42.007113124
4090612,2005-03-01 12:00:00,THEFT,-87.643005844,41.764361818
4050713,2005-03-06 00:01:00,OTHER OFFENSE,-87.630181927,41.910374897
3848525,2005-03-08 18:21:00,ROBBERY,-87.552781439,41.745803634
3853132,2005-03-10 01:45:00,ROBBERY,-87.602691353,41.748988677
3855343,2005-03-12 21:17:43,ROBBERY,-87.66925077,41.740177267
4058138,2005-03-14 00:45:00,OTHER OFFENSE,-87.73209585,41.953601736
4051529,2005-03-23 17:20:00,NARCOTICS,-87.6586893,41.985473908
4303227,2005-03-26 13:46:06,THEFT,-87.546799566,41.649165411
4045515,2005-03-26 22:00:31,NARCOTICS,-87.737566986,41.858687888
4132092,2005-03-28 11:19:00,NARCOTICS,-87.672349373,41.766016306
4133749,2005-03-28 12:00:00,THEFT,-87.761736153,41.903994796
4053224,2005-03-29 09:00:00,DECEPTIVE PRACTICE,-87.713438406,41.959309268
4051580,2005-03-31 20:00:00,NARCOTICS,-87.720037576,41.85840901
4222483,2005-04-01 00:00:00,THEFT,-87.656562787,41.940706145
4268633,2005-04-01 08:00:00,THEFT,-87.650441347,41.924665612
4180499,2005-04-01 08:00:00,CRIM SEXUAL ASSAULT,-87.642954141,41.711714647
4134224,2005-04-01 09:00:00,THEFT,-87.726269699,41.952742326
4117488,2005-04-01 12:00:00,THEFT,-87.689652101,41.965731539
4188602,2005-04-04 21:30:00,NARCOTICS,-87.658317657,41.870107366
4045547,2005-04-04 22:50:10,LIQUOR LAW VIOLATION,-87.716609926,41.954499279
4071267,2005-04-05 12:00:00,OTHER OFFENSE,-87.667148692,42.021126393
4049693,2005-04-06 09:00:00,OTHER OFFENSE,-87.656914122,41.778879542
4064875,2005-04-08 15:30:00,NARCOTICS,-87.691046999,41.848321812
3909883,2005-04-09 11:00:00,ROBBERY,-87.624121645,41.670714907
4045641,2005-04-09 14:10:00,NARCOTICS,-87.713972687,41.858475257
4045282,2005-04-11 12:00:00,NARCOTICS,-87.722601149,41.88989649
3917629,2005-04-12 07:45:00,ROBBERY,-87.65423268,41.743204278
4173375,2005-04-12 13:00:00,BURGLARY,-87.620944369,41.897628634
4272882,2005-04-20 15:00:00,THEFT,-87.623318288,41.834155131
4111335,2005-04-21 21:26:36,WEAPONS VIOLATION,-87.700032701,41.866464603
4050894,2005-04-24 19:05:30,NARCOTICS,-87.644027866,41.75003721
4294863,2005-04-26 12:00:00,THEFT,-87.552754789,41.734691768
4071876,2005-04-27 14:30:00,NARCOTICS,-87.669569122,41.798536599
4075143,2005-04-28 00:00:00,THEFT,-87.577280883,41.722445994
4072283,2005-04-29 00:15:00,NARCOTICS,-87.656859584,41.991538784
4180817,2005-04-29 11:45:00,BATTERY,-87.652981574,41.877853076
4074615,2005-04-29 12:49:27,NARCOTICS,-87.664593068,41.865100146
4075279,2005-04-29 14:30:40,NARCOTICS,-87.762094775,41.89384563
4051162,2005-04-29 20:00:00,NARCOTICS,-87.57214578,41.715260407
4047226,2005-04-29 22:00:00,THEFT,-87.765883457,41.908562568
4044911,2005-04-30 07:30:00,PROSTITUTION,-87.691787056,41.809135012
4045105,2005-04-30 10:07:11,NARCOTICS,-87.715491262,41.905481415
4045195,2005-04-30 10:50:00,NARCOTICS,-87.71163652,41.862041146
4078830,2005-04-30 17:56:17,NARCOTICS,-87.704540119,41.861316449
4046847,2005-04-30 20:25:00,NARCOTICS,-87.723771046,41.85993274
4050844,2005-04-30 22:00:00,NARCOTICS,-87.733572569,41.878774252
4067294,2005-05-01 10:45:00,NARCOTICS,-87.658709963,41.755149177
4068499,2005-05-01 18:50:00,NARCOTICS,-87.71177718,41.905873007
4051917,2005-05-01 21:00:00,CRIMINAL DAMAGE,-87.701452097,41.84758918
4047006,2005-05-01 22:32:39,NARCOTICS,-87.566327248,41.756707398
4049989,2005-05-02 19:30:00,NARCOTICS,-87.659901672,41.800648316
4053031,2005-05-02 20:10:00,NARCOTICS,-87.654801056,41.967501186
4050563,2005-05-02 20:35:00,NARCOTICS,-87.617018294,41.824898025
4074195,2005-05-02 20:35:56,NARCOTICS,-87.690743302,41.903943288
4057456,2005-05-03 18:54:01,GAMBLING,-87.713681395,41.858989606
4054678,2005-05-03 18:58:17,NARCOTICS,-87.624258824,41.801460197
4056074,2005-05-03 19:05:18,NARCOTICS,-87.711898014,41.88090655
4056166,2005-05-03 19:27:40,NARCOTICS,-87.62047443,41.676839664
4049231,2005-05-03 20:15:00,NARCOTICS,-87.74817614,41.884414928
4052943,2005-05-04 11:50:00,NARCOTICS,-87.623989486,41.681084948
4059597,2005-05-04 12:50:15,NARCOTICS,-87.719780758,41.888723385
4131699,2005-05-04 13:42:00,NARCOTICS,-87.748129509,41.875841653
4059069,2005-05-04 13:43:00,NARCOTICS,-87.736067119,41.877851463
4062599,2005-05-04 21:00:00,NARCOTICS,-87.829242212,41.949437126
4062696,2005-05-04 21:45:44,NARCOTICS,-87.669491958,42.019809042
4045418,2005-05-05 17:15:00,DECEPTIVE PRACTICE,-87.649830083,41.932702543
4053994,2005-05-05 19:30:00,NARCOTICS,-87.673398869,41.894152274
4089707,2005-05-06 00:00:00,DECEPTIVE PRACTICE,-87.60647453,41.805366666
4058789,2005-05-06 11:00:00,NARCOTICS,-87.731306272,41.876105959
4058800,2005-05-06 11:12:00,NARCOTICS,-87.675428114,41.885028339
4062197,2005-05-06 11:45:00,PROSTITUTION,-87.65994406,41.979142181
4065366,2005-05-06 21:45:00,NARCOTICS,-87.707588349,41.910109309
4069141,2005-05-07 01:08:00,NARCOTICS,-87.666476512,41.806765255
4063486,2005-05-07 03:00:00,PROSTITUTION,-87.649275005,41.94028151
4081443,2005-05-07 07:00:00,NARCOTICS,-87.905227221,41.976290414
4052033,2005-05-07 12:00:00,DECEPTIVE PRACTICE,-87.781945407,41.928149574
4064902,2005-05-07 13:30:00,NARCOTICS,-87.693260527,41.90753034
4065430,2005-05-07 19:50:00,NARCOTICS,-87.636732559,41.789922709
4101725,2005-05-07 20:00:00,NARCOTICS,-87.731850193,41.87879543
4071792,2005-05-08 01:00:00,NARCOTICS,-87.621011398,41.689554754
4070524,2005-05-08 07:45:00,PROSTITUTION,-87.691101812,41.808332597
4071628,2005-05-08 10:30:00,NARCOTICS,-87.694447372,41.904188983
4058986,2005-05-08 19:55:00,NARCOTICS,-87.722601149,41.88989649
4230878,2005-05-09 00:01:00,DECEPTIVE PRACTICE,-87.72741793,41.904458249
4062025,2005-05-09 00:04:00,NARCOTICS,-87.626787406,41.846363789
4060385,2005-05-09 13:45:00,NARCOTICS,-87.550024903,41.736531085
4063559,2005-05-09 16:22:20,NARCOTICS,-87.724834796,41.894469279
4063120,2005-05-09 21:05:22,NARCOTICS,-87.69747934,41.879241446
4067306,2005-05-09 23:21:37,NARCOTICS,-87.706003528,41.86295454
4072084,2005-05-10 00:14:54,PROSTITUTION,-87.737482535,41.858690194
4070870,2005-05-10 11:12:21,NARCOTICS,-87.646253981,41.78973032
4068350,2005-05-10 12:03:09,NARCOTICS,-87.645479012,41.955590743
4069076,2005-05-10 14:30:00,NARCOTICS,-87.655703092,41.87536367
4068865,2005-05-10 15:45:00,NARCOTICS,-87.627069839,41.852051628
4068581,2005-05-10 15:45:00,NARCOTICS,-87.722329806,41.89254873
4069104,2005-05-10 20:20:00,NARCOTICS,-87.646259732,41.789878546
4075995,2005-05-10 22:29:35,NARCOTICS,-87.637211788,41.681794251
4081393,2005-05-11 03:08:44,PROSTITUTION,-87.628801359,41.893261633
4085781,2005-05-11 06:05:13,NARCOTICS,-87.668125558,41.789889237
4058888,2005-05-11 13:07:00,OTHER OFFENSE,-87.608371773,41.80950879
4055690,2005-05-11 14:15:00,THEFT,-87.673392556,41.925082474
4074071,2005-05-11 14:16:00,NARCOTICS,-87.684314528,41.997822328
4074653,2005-05-11 20:10:00,PROSTITUTION,-87.618440277,41.819761379
4075420,2005-05-11 21:58:37,NARCOTICS,-87.662413476,41.803857358
4075673,2005-05-12 17:25:00,NARCOTICS,-87.589336206,41.736408152
4130272,2005-05-12 17:30:00,GAMBLING,-87.59950233,41.729428884
4073629,2005-05-12 18:30:00,PROSTITUTION,-87.614773063,41.756589747
4074587,2005-05-12 23:10:19,NARCOTICS,-87.664682949,41.751704315
4076853,2005-05-13 11:40:00,NARCOTICS,-87.558790387,41.741897992
4080713,2005-05-13 19:22:45,NARCOTICS,-87.61444264,41.78159369
4086568,2005-05-13 19:22:45,NARCOTICS,-87.558918221,41.749555455
4077358,2005-05-13 19:22:45,NARCOTICS,-87.581755866,41.75335429
4076199,2005-05-13 20:28:00,NARCOTICS,-87.669658337,41.857744741
4082865,2005-05-14 11:01:00,NARCOTICS,-87.630686553,41.706845957
4083217,2005-05-14 19:50:00,NARCOTICS,-87.640435828,41.669612397
4081018,2005-05-15 00:21:02,NARCOTICS,-87.626860911,41.841350479
4081176,2005-05-15 18:38:44,NARCOTICS,-87.656716237,41.771545622
4083050,2005-05-16 03:50:00,LIQUOR LAW VIOLATION,-87.721639617,41.741011483
4085260,2005-05-16 14:45:00,NARCOTICS,-87.660425607,41.995231471
4078577,2005-05-16 18:44:36,NARCOTICS,-87.722598187,41.939149955
4078505,2005-05-16 20:22:31,NARCOTICS,-87.756758376,41.940753574
4080690,2005-05-16 22:22:00,NARCOTICS,-87.675827594,41.851786766
4080547,2005-05-17 08:52:13,NARCOTICS,-87.806750832,42.001360863
4059289,2005-05-17 12:00:00,OTHER OFFENSE,-87.603840848,41.746827981
4088127,2005-05-18 07:55:00,NARCOTICS,-87.617209584,41.781374962
4086288,2005-05-18 18:45:00,NARCOTICS,-87.637679975,41.787763208
4063158,2005-05-19 00:01:00,BURGLARY,-87.674250672,41.972002474
4070981,2005-05-19 09:00:00,THEFT,-87.611616516,41.815849284
4089934,2005-05-19 12:37:42,NARCOTICS,-87.761530611,41.899446566
4088135,2005-05-19 12:40:00,NARCOTICS,-87.735580925,41.883921956
4085542,2005-05-19 17:14:45,NARCOTICS,-87.632179351,41.794530106
4085585,2005-05-19 17:43:21,NARCOTICS,-87.582634698,41.772913136
4085914,2005-05-19 18:53:41,NARCOTICS,-87.694537731,41.879271774
4093333,2005-05-19 23:39:00,NARCOTICS,-87.770102772,41.92757069
4080737,2005-05-20 09:00:00,THEFT,-87.629059469,41.886817001
4111579,2005-05-20 12:00:00,DECEPTIVE PRACTICE,-87.676410079,41.872339076
4120949,2005-05-20 13:00:00,NARCOTICS,-87.680278773,41.695409216
4093520,2005-05-20 18:14:25,GAMBLING,-87.635575414,41.668238264
4095587,2005-05-20 22:45:00,NARCOTICS,-87.696828933,41.900744471
4161937,2005-05-21 00:01:00,THEFT,-87.607731424,41.807095273
4096562,2005-05-21 00:05:00,NARCOTICS,-87.76089909,41.908463735
4109170,2005-05-21 13:21:36,NARCOTICS,-87.627994833,41.889453169
4099546,2005-05-21 16:30:00,NARCOTICS,-87.627021086,41.85014407
4100082,2005-05-21 18:25:00,LIQUOR LAW VIOLATION,-87.689505876,41.814962075
4100465,2005-05-21 19:38:49,NARCOTICS,-87.614283196,41.774205063
4138281,2005-05-21 20:26:00,NARCOTICS,-87.658038469,41.984410822
4100594,2005-05-21 20:30:00,NARCOTICS,-87.672931306,41.788259414
4140632,2005-05-21 23:36:03,NARCOTICS,-87.547678893,41.748345754
4252639,2005-05-22 00:01:00,THEFT,-87.670011875,41.906276004
4138715,2005-05-22 05:36:41,PROSTITUTION,-87.652036281,41.909798633
4046613,2005-05-22 12:00:00,THEFT,-87.662642993,41.955006243
4143536,2005-05-22 12:25:05,NARCOTICS,-87.616952929,41.768856648
4144860,2005-05-22 15:35:04,NARCOTICS,-87.718904875,41.900024977
4047595,2005-05-22 17:00:00,DECEPTIVE PRACTICE,-87.618077441,41.686037507
4101874,2005-05-22 18:55:00,NARCOTICS,-87.617209584,41.781374962
4098891,2005-05-22 21:28:14,NARCOTICS,-87.602871877,41.756015236
4099298,2005-05-22 22:00:16,LIQUOR LAW VIOLATION,-87.613732333,41.751983784
4143261,2005-05-22 22:16:54,NARCOTICS,-87.715284864,41.77397776
4099334,2005-05-22 22:49:16,NARCOTICS,-87.727190905,41.93932248
4051171,2005-05-23 13:00:00,OTHER OFFENSE,-87.689007523,41.796970514
4100324,2005-05-23 22:06:21,NARCOTICS,-87.637756315,41.790538144
4082541,2005-05-24 15:30:00,CRIMINAL DAMAGE,-87.590562608,41.805448746
4121070,2005-05-24 19:32:00,NARCOTICS,-87.74533752,41.876793369
4095507,2005-05-24 19:53:55,NARCOTICS,-87.656610393,41.767664563
4114739,2005-05-24 23:30:31,PROSTITUTION,-87.616989442,41.823536688
4135556,2005-05-25 09:00:00,SEX OFFENSE,-87.672235631,41.857707464
4066544,2005-05-25 09:30:00,OTHER OFFENSE,-87.633383384,41.76272837
4102027,2005-05-25 13:03:00,NARCOTICS,-87.656562758,41.765918909
4148438,2005-05-25 20:10:00,NARCOTICS,-87.663622493,41.758531456
4115591,2005-05-25 23:00:00,PROSTITUTION,-87.620901922,41.686867374
4115650,2005-05-26 01:10:00,NARCOTICS,-87.780699436,41.912841744
4116654,2005-05-26 10:00:00,NARCOTICS,-87.75033191,41.884807342
4116693,2005-05-26 11:18:00,NARCOTICS,-87.716221792,41.884930978
4184118,2005-05-26 14:00:00,THEFT,-87.770025816,41.891609829
4158863,2005-05-26 17:37:59,NARCOTICS,-87.649180491,41.93743245
4135783,2005-05-26 21:15:20,NARCOTICS,-87.764614167,41.873578134
4136063,2005-05-26 22:24:42,NARCOTICS,-87.696690304,41.882895156
4159914,2005-05-26 22:31:58,NARCOTICS,-87.547154047,41.652812326
4160367,2005-05-26 22:35:00,NARCOTICS,-87.660491274,41.79371971
4099214,2005-05-27 10:30:00,BURGLARY,-87.61470472,41.743002273
4149341,2005-05-27 11:30:00,NARCOTICS,-87.754281422,41.939898633
4091475,2005-05-27 12:30:00,OTHER OFFENSE,-87.61677038,41.836600771
4048069,2005-05-27 13:19:38,ASSAULT,-87.724337179,41.836241769
4048021,2005-05-27 17:00:00,CRIM SEXUAL ASSAULT,-87.704912315,41.798145358
4114946,2005-05-27 21:15:34,NARCOTICS,-87.752358893,41.909545981
4107749,2005-05-27 22:12:09,NARCOTICS,-87.702626703,41.786258293
4187032,2005-05-28 01:00:00,THEFT,-87.734675217,41.903442526
4047537,2005-05-28 01:50:00,BATTERY,-87.717484662,41.842511559
4104104,2005-05-28 02:50:00,NARCOTICS,-87.744734543,41.912081245
4045142,2005-05-28 09:00:00,THEFT,-87.641066839,41.783450436
4104589,2005-05-28 11:00:00,NARCOTICS,-87.751722286,41.91047031
4123568,2005-05-28 12:00:00,THEFT,-87.716246938,41.76348598
4104973,2005-05-28 12:39:00,NARCOTICS,-87.698034181,41.881058464
4105153,2005-05-28 13:12:00,NARCOTICS,-87.662772034,41.96794593
4120724,2005-05-28 15:00:00,NARCOTICS,-87.723628559,41.855996716
4049719,2005-05-28 15:30:00,CRIMINAL DAMAGE,-87.643072822,41.783415853
4181614,2005-05-28 15:30:00,THEFT,-87.621518087,41.709015177
4107767,2005-05-28 18:15:00,NARCOTICS,-87.748911462,41.896811683
4108144,2005-05-28 18:36:00,NARCOTICS,-87.733480271,41.876078916
4108535,2005-05-28 19:50:00,NARCOTICS,-87.704517746,41.822369708
4109095,2005-05-28 20:39:00,NARCOTICS,-87.642253004,41.688265631
4109819,2005-05-28 22:30:00,NARCOTICS,-87.719059064,41.895434688
4110231,2005-05-29 02:52:00,NARCOTICS,-87.677056775,41.806205981
4051051,2005-05-29 10:00:00,DECEPTIVE PRACTICE,-87.653351515,41.910835515
4126160,2005-05-29 19:32:08,NARCOTICS,-87.674484619,42.005312848
4118837,2005-05-29 23:34:35,NARCOTICS,-87.735440843,41.917055176
4121170,2005-05-30 01:35:00,NARCOTICS,-87.658042343,41.889982313
4110827,2005-05-30 02:00:00,CRIMINAL DAMAGE,-87.643424227,41.761576123
4045360,2005-05-30 03:27:00,PUBLIC PEACE VIOLATION,-87.716387934,41.844360796
4053648,2005-05-30 10:15:00,CRIMINAL TRESPASS,-87.643036076,41.949283608
4118401,2005-05-30 12:20:00,NARCOTICS,-87.663590537,41.80247562
4119144,2005-05-30 13:40:00,NARCOTICS,-87.62510451,41.736277427
4053329,2005-05-30 16:00:00,THEFT,-87.615021909,41.819361344
4049890,2005-05-30 17:45:00,CRIMINAL TRESPASS,-87.69378445,41.862011728
4052933,2005-05-30 18:20:00,BATTERY,-87.631732544,41.683391067
4120859,2005-05-30 18:35:00,NARCOTICS,-87.661593309,41.965340278
4076894,2005-05-30 19:00:00,THEFT,-87.682604578,41.946811643
4045242,2005-05-30 21:00:00,BATTERY,-87.598865792,41.655967357
4126691,2005-05-30 21:30:00,NARCOTICS,-87.736239679,41.884559304
4128932,2005-05-30 23:00:00,NARCOTICS,-87.668466116,41.985443134
4046098,2005-05-31 02:00:00,THEFT,-87.743802049,41.878058829
4048589,2005-05-31 08:20:00,BATTERY,-87.705602493,41.864170798
4045067,2005-05-31 13:00:00,THEFT,-87.620196651,41.889561428
4050162,2005-05-31 13:58:53,DECEPTIVE PRACTICE,-87.661944665,41.755288874
4128086,2005-05-31 14:26:17,NARCOTICS,-87.565483757,41.763823209
4133992,2005-05-31 15:35:01,NARCOTICS,-87.70194469,41.877361575
4074829,2005-05-31 15:45:00,THEFT,-87.616983146,41.832329279
4049739,2005-05-31 16:30:00,OTHER OFFENSE,-87.651113806,41.789622069
4054594,2005-05-31 18:00:00,CRIMINAL TRESPASS,-87.69378445,41.862011728
4130488,2005-05-31 18:03:41,NARCOTICS,-87.709384023,41.884534534
4131037,2005-05-31 19:24:53,NARCOTICS,-87.669076577,41.77875292
4044945,2005-05-31 21:30:00,CRIMINAL DAMAGE,-87.618091208,41.806951681
4139900,2005-05-31 21:43:36,NARCOTICS,-87.661261167,41.80637536
4135612,2005-05-31 23:10:00,NARCOTICS,-87.736230432,41.879636075
4135852,2005-06-01 00:45:00,NARCOTICS,-87.708424071,41.856790413
4046697,2005-06-01 02:00:00,BURGLARY,-87.655241297,41.869029963
4051873,2005-06-01 05:30:00,CRIMINAL DAMAGE,-87.73378906,41.914134933
4063224,2005-06-01 06:30:00,OTHER OFFENSE,-87.707056184,41.870951552
4078986,2005-06-01 08:00:00,OTHER OFFENSE,-87.712633869,41.907312876
4103069,2005-06-01 09:00:00,THEFT,-87.714968502,41.924627849
4108136,2005-06-01 09:00:00,THEFT,-87.669582928,41.753464383
4215141,2005-06-01 10:00:00,OTHER OFFENSE,-87.641648808,41.708095267
4046206,2005-06-01 14:50:00,CRIMINAL DAMAGE,-87.57492357,41.759978036
4140956,2005-06-01 15:30:00,GAMBLING,-87.769172251,41.911391616
4153716,2005-06-01 15:30:00,NARCOTICS,-87.686497178,41.864583447
4055968,2005-06-01 18:48:05,BURGLARY,-87.752272724,41.874880249
4050873,2005-06-01 19:00:00,BURGLARY,-87.764540551,41.929475208
4135829,2005-06-01 19:15:00,NARCOTICS,-87.735882542,41.968154845
4054568,2005-06-01 21:10:00,CRIMINAL TRESPASS,-87.69378445,41.862011728
4132974,2005-06-01 22:00:30,NARCOTICS,-87.756260918,41.909494306
4134458,2005-06-01 22:15:00,PROSTITUTION,-87.744856892,41.869145417
4051659,2005-06-01 22:43:48,BATTERY,-87.724058511,41.908902601
4045986,2005-06-01 22:52:05,CRIMINAL DAMAGE,-87.704394994,41.880991939
4045007,2005-06-01 23:00:00,BATTERY,-87.613377884,41.82267985
4134073,2005-06-01 23:28:37,NARCOTICS,-87.746875622,41.939054243
4153196,2005-06-02 00:01:00,DECEPTIVE PRACTICE,-87.718644564,41.86625837
4135466,2005-06-02 02:08:00,NARCOTICS,-87.763846645,41.887240699
4152658,2005-06-02 07:00:00,CRIMINAL DAMAGE,-87.710221997,41.877283293
4050131,2005-06-02 07:13:00,CRIMINAL DAMAGE,-87.647106602,41.775454131
4044902,2005-06-02 07:25:00,CRIMINAL DAMAGE,-87.574535894,41.738435459
4045378,2005-06-02 10:45:00,BATTERY,-87.628247735,41.768459991
4052632,2005-06-02 12:00:00,BURGLARY,-87.719907923,41.738548834
4047204,2005-06-02 12:36:41,OFFENSE INVOLVING CHILDREN,-87.667776,41.913573699
4131822,2005-06-02 13:00:00,NARCOTICS,-87.696875353,41.880160168
4140298,2005-06-02 13:36:09,GAMBLING,-87.653357462,41.782382216
4044976,2005-06-02 13:53:23,BATTERY,-87.663284102,41.744198717
4130990,2005-06-02 15:04:40,NARCOTICS,-87.746674863,41.885139982
4047239,2005-06-02 15:50:00,ROBBERY,-87.598192685,41.800226073
4134756,2005-06-02 16:17:51,NARCOTICS,-87.704325717,41.88281374
4134596,2005-06-02 16:53:33,NARCOTICS,-87.680697233,41.936674656
4140487,2005-06-02 18:50:00,PROSTITUTION,-87.662072639,41.940689095
4102516,2005-06-02 20:00:00,OTHER OFFENSE,-87.682366139,41.780280722
4047269,2005-06-02 20:00:00,THEFT,-87.620196651,41.889561428
4044993,2005-06-02 20:30:00,THEFT,-87.663510538,41.93078263
4146365,2005-06-02 21:04:51,NARCOTICS,-87.74383816,41.923253903
4045689,2005-06-02 23:35:33,CRIMINAL DAMAGE,-87.636850366,41.75531513
4046374,2005-06-03 00:30:00,OTHER OFFENSE,-87.662080016,41.791528086
4044881,2005-06-03 01:59:08,BATTERY,-87.774065735,41.899200945
4047461,2005-06-03 03:00:00,THEFT,-87.694528194,41.922979183
4143353,2005-06-03 05:07:15,NARCOTICS,-87.763288073,41.883148997
4045781,2005-06-03 07:00:00,CRIMINAL DAMAGE,-87.645973056,41.956828595
4057928,2005-06-03 07:30:00,ASSAULT,-87.718839311,41.898051518
4052692,2005-06-03 08:30:00,THEFT,-87.613975119,41.714470571
4046672,2005-06-03 08:40:49,BURGLARY,-87.577228473,41.752528738
4107342,2005-06-03 10:45:00,OTHER OFFENSE,-87.684218122,41.954076476
4225822,2005-06-03 11:00:00,THEFT,-87.53889556,41.690899047
4046832,2005-06-03 11:30:00,BURGLARY,-87.792053722,41.938724525
4139868,2005-06-03 12:00:00,NARCOTICS,-87.673617146,41.768213543
4151757,2005-06-03 12:45:00,NARCOTICS,-87.656565644,41.765993022
4047610,2005-06-03 13:00:00,BURGLARY,-87.623980263,41.859936038
4047673,2005-06-03 13:25:00,BATTERY,-87.63906832,41.911106795
4050968,2005-06-03 13:30:00,BATTERY,-87.700488807,41.96938944
4046738,2005-06-03 13:30:00,BATTERY,-87.660193435,41.857892731
4117698,2005-06-03 13:55:00,ASSAULT,-87.702874408,41.853746886
4047363,2005-06-03 14:00:00,THEFT,-87.773335793,41.9020267
4048750,2005-06-03 15:00:00,THEFT,-87.68367553,41.780595495
4050154,2005-06-03 15:00:00,CRIMINAL DAMAGE,-87.637277969,41.770348245
4052497,2005-06-03 16:00:00,OFFENSE INVOLVING CHILDREN,-87.682880361,41.892170145
4050225,2005-06-03 17:00:00,BURGLARY,-87.627477823,41.869691442
4148092,2005-06-03 17:15:05,NARCOTICS,-87.623106676,41.81943906
4046638,2005-06-03 18:15:42,BATTERY,-87.691207465,41.96390163
4053567,2005-06-03 19:40:00,BATTERY,-87.765622499,41.936763737
4060287,2005-06-03 20:30:00,BATTERY,-87.586658725,41.792925994
4050951,2005-06-03 21:15:00,BATTERY,-87.624125523,41.869047845
4139684,2005-06-03 21:15:00,NARCOTICS,-87.71350458,41.84194404
4048788,2005-06-03 21:35:00,CRIMINAL DAMAGE,-87.629070243,41.736148121
4047632,2005-06-03 21:37:00,ASSAULT,-87.768334751,41.983395808
4051208,2005-06-03 22:30:00,ASSAULT,-87.618291407,41.814346004
4046882,2005-06-03 23:00:00,MOTOR VEHICLE THEFT,-87.768377774,41.922743348
4053537,2005-06-04 00:30:00,CRIMINAL DAMAGE,-87.669103891,41.827598549
4047320,2005-06-04 01:20:00,OTHER OFFENSE,-87.763673381,41.963320854
4055259,2005-06-04 02:00:00,CRIMINAL DAMAGE,-87.797005896,41.921456379
4046860,2005-06-04 02:00:00,MOTOR VEHICLE THEFT,-87.751137651,41.921035389
4047467,2005-06-04 02:00:00,CRIMINAL DAMAGE,-87.615596501,41.779059693
4048312,2005-06-04 02:32:00,BURGLARY,-87.709730429,41.837938935
4047776,2005-06-04 07:00:00,THEFT,-87.636913058,41.888676095
4050630,2005-06-04 08:59:00,OTHER OFFENSE,-87.62621881,41.720866733
4142249,2005-06-04 11:00:17,NARCOTICS,-87.745758222,41.869347619
4048124,2005-06-04 11:40:00,THEFT,-87.782134053,41.949346865
4052646,2005-06-04 13:00:00,BURGLARY,-87.632430739,41.88413455
4048528,2005-06-04 13:00:00,BATTERY,-87.707683157,41.968462913
4048471,2005-06-04 13:22:52,BATTERY,-87.763346076,41.884886395
4048930,2005-06-04 13:35:00,THEFT,-87.674970791,41.809687513
4143482,2005-06-04 13:45:00,NARCOTICS,-87.550437762,41.749898649
4142932,2005-06-04 14:05:00,NARCOTICS,-87.652384624,41.791852481
4053770,2005-06-04 14:15:00,CRIMINAL DAMAGE,-87.655284282,41.986425291
4048041,2005-06-04 14:30:00,THEFT,-87.627841791,41.88233367
4140448,2005-06-04 15:40:00,NARCOTICS,-87.54663635,41.742490516
4048983,2005-06-04 15:50:00,BATTERY,-87.554855936,41.729384811
4048723,2005-06-04 16:15:00,BATTERY,-87.58501814,41.770972006
4049380,2005-06-04 16:36:44,THEFT,-87.62820806,41.73625535
4060782,2005-06-04 16:40:00,BATTERY,-87.62632107,41.679106927
4048013,2005-06-04 18:45:00,ASSAULT,-87.660010385,41.865194117
4054771,2005-06-04 19:15:00,BATTERY,-87.710056264,41.849362335
4048066,2005-06-04 19:30:00,BATTERY,-87.67976111,41.882185345
4048704,2005-06-04 20:00:00,BATTERY,-87.723159692,41.96891668
4051667,2005-06-04 20:30:00,THEFT,-87.536492578,41.702265861
4055651,2005-06-04 22:30:00,BURGLARY,-87.676174203,41.967683148
4148530,2005-06-04 22:36:30,NARCOTICS,-87.731642768,41.883292167
4049455,2005-06-04 23:30:00,BURGLARY,-87.777337273,41.942098204
4048967,2005-06-04 23:30:00,THEFT,-87.633127416,41.910458758
4048853,2005-06-04 23:33:00,CRIMINAL DAMAGE,-87.714320028,41.879550251
4051548,2005-06-05 01:30:00,THEFT,-87.654989672,41.885535116
4056605,2005-06-05 02:05:00,BATTERY,-87.552172119,41.749213402
4062231,2005-06-05 03:30:00,BATTERY,-87.654989672,41.885535116
4142809,2005-06-05 03:45:34,NARCOTICS,-87.671083995,41.809912156
4050963,2005-06-05 05:00:00,BATTERY,-87.623286482,41.832384884
4142953,2005-06-05 07:00:00,NARCOTICS,-87.614419416,41.827963601
4052717,2005-06-05 07:50:00,BATTERY,-87.686340752,41.877184166
4050111,2005-06-05 09:58:31,BATTERY,-87.758114024,41.897456393
4048999,2005-06-05 10:45:00,THEFT,-87.637471128,41.777575141
4050294,2005-06-05 11:45:40,BATTERY,-87.763285108,41.883069399
4055742,2005-06-05 12:00:00,THEFT,-87.707352659,41.75237008
4056991,2005-06-05 12:15:00,BURGLARY,-87.681470448,41.963237543
4065308,2005-06-05 13:30:00,CRIM SEXUAL ASSAULT,-87.629139529,41.899923966
4051840,2005-06-05 14:30:00,THEFT,-87.636673298,41.878630716
4049062,2005-06-05 15:29:00,NARCOTICS,-87.698912728,41.938475423
4103238,2005-06-05 15:56:00,BURGLARY,-87.66476128,41.800638282
4049508,2005-06-05 16:15:00,BATTERY,-87.551245239,41.72956337
4049994,2005-06-05 16:52:23,BATTERY,-87.647806072,41.755553911
4050588,2005-06-05 17:45:00,BATTERY,-87.716707434,41.893621863
4050208,2005-06-05 18:37:26,CRIMINAL DAMAGE,-87.630559096,41.746780455
4059740,2005-06-05 20:00:00,OTHER OFFENSE,-87.748722719,41.880452272
4050929,2005-06-05 20:30:00,CRIMINAL TRESPASS,-87.780782855,41.952992925
4059860,2005-06-05 20:30:00,CRIMINAL DAMAGE,-87.689913385,41.785600514
4057228,2005-06-05 20:30:00,ROBBERY,-87.611401975,41.807187007
4059694,2005-06-05 20:44:27,BATTERY,-87.644012284,41.807980089
4061975,2005-06-05 21:30:00,THEFT,-87.65449147,41.779153403
4147997,2005-06-05 21:43:16,NARCOTICS,-87.642748022,41.748067346
4146887,2005-06-05 21:55:00,NARCOTICS,-87.588018999,41.773315928
4134943,2005-06-05 22:15:00,PROSTITUTION,-87.67003627,41.991151909
4060429,2005-06-05 23:00:00,CRIMINAL TRESPASS,-87.694240244,41.85273593
4148420,2005-06-05 23:30:00,NARCOTICS,-87.716920828,41.902750349
4049387,2005-06-06 00:05:00,THEFT,-87.638145488,41.784385063
4049211,2005-06-06 00:15:00,BATTERY,-87.655743334,41.946241881
4061750,2005-06-06 01:32:42,BATTERY,-87.569850165,41.76900609
4054198,2005-06-06 02:10:00,ROBBERY,-87.660864331,42.004923771
4050074,2005-06-06 02:25:00,BURGLARY,-87.666783673,41.950669806
4050206,2005-06-06 06:55:00,BATTERY,-87.648132335,41.936808751
4109468,2005-06-06 09:00:00,DECEPTIVE PRACTICE,-87.665213684,41.771554188
4050703,2005-06-06 09:00:00,BATTERY,-87.699518087,41.78022295
4057573,2005-06-06 09:45:00,CRIMINAL TRESPASS,-87.613503857,41.823879885
4065835,2005-06-06 10:02:50,CRIMINAL DAMAGE,-87.680661279,41.895848557
4052670,2005-06-06 10:20:42,THEFT,-87.638942453,41.879322288
4053294,2005-06-06 10:21:00,THEFT,-87.734419188,41.848657705
4053357,2005-06-06 10:30:00,CRIMINAL TRESPASS,-87.777151129,41.964358389
4051482,2005-06-06 10:44:00,CRIMINAL DAMAGE,-87.628583475,41.882008915
4052482,2005-06-06 10:55:00,ASSAULT,-87.681357739,41.764728561
4053380,2005-06-06 11:45:00,BATTERY,-87.652293895,41.765081371
4061704,2005-06-06 12:40:00,THEFT,-87.685081252,41.881183664
4056638,2005-06-06 12:55:00,BATTERY,-87.627067195,41.851958307
4056131,2005-06-06 13:00:00,THEFT,-87.737649422,41.946243255
4055959,2005-06-06 13:20:00,THEFT,-87.668385639,41.981158978
4052188,2005-06-06 13:30:00,THEFT,-87.631644061,41.897966193
4055667,2005-06-06 13:45:00,THEFT,-87.631784014,41.842192956
4058027,2005-06-06 13:55:00,CRIMINAL DAMAGE,-87.751039574,41.916869148
4151828,2005-06-06 14:42:11,NARCOTICS,-87.721434673,41.902829376
4053912,2005-06-06 15:03:00,WEAPONS VIOLATION,-87.575741514,41.73842146
4053167,2005-06-06 15:30:00,ASSAULT,-87.568037999,41.738880849
4065695,2005-06-06 16:00:00,MOTOR VEHICLE THEFT,-87.696217762,41.850976869
4052280,2005-06-06 16:15:00,THEFT,-87.691381528,41.910272317
4057772,2005-06-06 16:30:00,DECEPTIVE PRACTICE,-87.726444052,41.885490396
4140668,2005-06-06 16:56:14,NARCOTICS,-87.671040556,42.007820423
4053356,2005-06-06 18:18:00,CRIMINAL TRESPASS,-87.800604431,41.995909972
4062572,2005-06-06 19:00:00,THEFT,-87.592600053,41.756550472
4052651,2005-06-06 19:45:00,THEFT,-87.73040747,41.753204151
4052463,2005-06-06 20:00:00,ROBBERY,-87.644209822,41.93450483
4166637,2005-06-06 20:03:20,NARCOTICS,-87.717246272,41.922771274
4052835,2005-06-06 20:42:00,CRIMINAL DAMAGE,-87.711536692,41.877268465
4166660,2005-06-06 20:50:00,NARCOTICS,-87.772913179,41.901206855
4166754,2005-06-06 20:50:00,GAMBLING,-87.673326793,41.802608812
4166684,2005-06-06 21:00:00,NARCOTICS,-87.624198993,41.678007095
4052438,2005-06-06 21:20:00,BATTERY,-87.710842056,41.915535875
4170226,2005-06-06 22:49:00,NARCOTICS,-87.641593483,41.797559238
4053935,2005-06-06 23:00:00,MOTOR VEHICLE THEFT,-87.721150046,41.894169782
4056187,2005-06-07 00:00:00,THEFT,-87.684094452,42.014041972
4138589,2005-06-07 00:30:00,BATTERY,-87.715363635,41.924045456
4057710,2005-06-07 00:31:00,BATTERY,-87.628331665,41.814007401
4056395,2005-06-07 01:00:00,THEFT,-87.665556377,41.784459849
4057072,2005-06-07 01:00:00,BATTERY,-87.616718631,41.673550544
4052457,2005-06-07 03:00:00,MOTOR VEHICLE THEFT,-87.57154057,41.712542267
4121695,2005-06-07 07:15:00,MOTOR VEHICLE THEFT,-87.566499462,41.767485391
4055994,2005-06-07 07:55:00,THEFT,-87.703038145,41.862117771
4057265,2005-06-07 08:00:00,BATTERY,-87.63115524,41.892628411
4055304,2005-06-07 08:00:00,THEFT,-87.763721553,41.99753033
4053687,2005-06-07 08:30:00,MOTOR VEHICLE THEFT,-87.639133868,41.92607694
4122091,2005-06-07 10:00:00,BATTERY,-87.730920827,41.922602339
4062855,2005-06-07 10:30:00,BATTERY,-87.586502002,41.78210152
4054191,2005-06-07 11:00:00,THEFT,-87.654671048,41.9399019
4056466,2005-06-07 12:00:00,BURGLARY,-87.750457074,41.939692675
4056294,2005-06-07 12:50:00,CRIMINAL DAMAGE,-87.72498937,41.812704833
4055765,2005-06-07 14:45:00,ROBBERY,-87.66251876,41.808180214
4065055,2005-06-07 14:45:00,CRIMINAL DAMAGE,-87.667720488,41.970864373
4055921,2005-06-07 15:00:00,CRIMINAL DAMAGE,-87.707860536,41.823447249
4063728,2005-06-07 15:00:00,MOTOR VEHICLE THEFT,-87.663003006,41.733527193
4067157,2005-06-07 15:30:00,BATTERY,-87.714575588,41.787887518
4059657,2005-06-07 15:45:00,THEFT,-87.624193896,41.892753031
4056138,2005-06-07 15:53:00,MOTOR VEHICLE THEFT,-87.597934356,41.752229535
4064501,2005-06-07 16:00:00,THEFT,-87.680786284,41.939836502
4056547,2005-06-07 18:00:00,BATTERY,-87.642499506,41.783198353
4149115,2005-06-07 18:15:31,NARCOTICS,-87.559616417,41.703598448
4059420,2005-06-07 18:59:00,BATTERY,-87.656856167,41.991514066
4149140,2005-06-07 19:01:41,NARCOTICS,-87.756462342,41.879360779
4058844,2005-06-07 19:30:00,ASSAULT,-87.709305807,41.865774415
4153537,2005-06-07 19:50:56,NARCOTICS,-87.652140635,41.782339331
4056640,2005-06-07 20:15:00,ASSAULT,-87.648084406,41.766252855
4055581,2005-06-07 21:00:00,THEFT,-87.684936467,41.782081793
4059571,2005-06-07 21:00:00,THEFT,-87.623650394,41.713268344
4059778,2005-06-07 21:30:00,MOTOR VEHICLE THEFT,-87.716604003,41.95435106
4146627,2005-06-07 21:35:00,NARCOTICS,-87.65990463,42.008008097
4057906,2005-06-07 21:45:00,THEFT,-87.657422572,41.943518542
4059321,2005-06-07 21:48:04,CRIMINAL DAMAGE,-87.606477087,41.73662489
4146946,2005-06-07 22:10:00,PROSTITUTION,-87.557045679,41.755023181
4056772,2005-06-07 22:42:00,OTHER OFFENSE,-87.650645961,41.771504223
4056442,2005-06-07 23:00:00,CRIMINAL DAMAGE,-87.698881254,41.780853366
4063704,2005-06-07 23:25:00,OTHER OFFENSE,-87.622209288,41.70278984
4056876,2005-06-07 23:30:00,BATTERY,-87.642699804,41.793232671
4070874,2005-06-07 23:30:00,THEFT,-87.758717591,41.974297689
4073833,2005-06-08 00:01:00,DECEPTIVE PRACTICE,-87.683468276,41.77279778
4059421,2005-06-08 00:46:07,CRIMINAL TRESPASS,-87.634413175,41.755314051
4055722,2005-06-08 00:47:00,THEFT,-87.666379591,41.866644572
4055614,2005-06-08 01:00:00,OTHER OFFENSE,-87.671426438,41.77663691
4148320,2005-06-08 01:17:00,LIQUOR LAW VIOLATION,-87.640671545,41.899420561
4067488,2005-06-08 06:00:00,BURGLARY,-87.676525544,41.908388086
4061171,2005-06-08 08:00:00,THEFT,-87.668238861,41.773959279
4064576,2005-06-08 08:30:00,CRIMINAL DAMAGE,-87.906487923,42.008882528
4059749,2005-06-08 09:00:00,CRIMINAL DAMAGE,-87.687472275,41.785509976
4065385,2005-06-08 11:00:00,THEFT,-87.627731607,41.891679873
4059115,2005-06-08 11:10:54,CRIMINAL DAMAGE,-87.74647974,41.87114605
4059993,2005-06-08 11:12:00,CRIMINAL DAMAGE,-87.669141293,41.6928206
4174691,2005-06-08 12:35:00,NARCOTICS,-87.744190203,41.885371501
4087754,2005-06-08 12:52:00,DECEPTIVE PRACTICE,-87.675898955,42.018388759
4063523,2005-06-08 13:00:00,MOTOR VEHICLE THEFT,-87.613914039,41.759668964
4153545,2005-06-08 13:26:00,NARCOTICS,-87.69450809,41.877454917
4058782,2005-06-08 14:15:00,ASSAULT,-87.688559598,41.780554403
4058676,2005-06-08 15:00:00,CRIMINAL DAMAGE,-87.675125788,41.914831758
4060195,2005-06-08 15:00:00,CRIMINAL DAMAGE,-87.674360593,41.915999155
4085816,2005-06-08 15:30:00,OFFENSE INVOLVING CHILDREN,-87.646546942,41.802476525
4058088,2005-06-08 15:50:00,CRIMINAL DAMAGE,-87.720760745,41.970599824
4061220,2005-06-08 17:00:00,OTHER OFFENSE,-87.774834236,41.933664033
4063323,2005-06-08 17:00:00,BATTERY,-87.743970898,41.879264422
4058950,2005-06-08 17:00:00,ROBBERY,-87.755195396,41.909508156
4060508,2005-06-08 17:50:00,ASSAULT,-87.603845299,41.795937123
4064507,2005-06-08 18:00:00,THEFT,-87.714912888,41.981723655
4058885,2005-06-08 18:05:00,THEFT,-87.535974085,41.702737032
4065903,2005-06-08 19:00:00,BATTERY,-87.622313405,41.886130534
4147819,2005-06-08 19:30:00,NARCOTICS,-87.621830953,41.834263931
4143811,2005-06-08 19:40:00,NARCOTICS,-87.69947203,41.77857063
4060520,2005-06-08 19:50:00,ASSAULT,-87.603810519,41.805470526
4062361,2005-06-08 20:00:00,BATTERY,-87.666123458,41.806148486
4064791,2005-06-08 20:48:00,WEAPONS VIOLATION,-87.730056931,41.903525382
4151830,2005-06-08 21:20:00,NARCOTICS,-87.734169269,41.909230227
4100258,2005-06-08 21:37:00,WEAPONS VIOLATION,-87.744528933,41.894075239
4058712,2005-06-08 21:55:00,NARCOTICS,-87.752548045,41.907727508
4092089,2005-06-08 22:00:00,WEAPONS VIOLATION,-87.792515776,41.784628212
4062050,2005-06-08 22:00:00,ROBBERY,-87.685673675,41.764201367
4059186,2005-06-08 22:40:30,CRIMINAL DAMAGE,-87.659936276,41.862460407
4062070,2005-06-08 23:00:00,MOTOR VEHICLE THEFT,-87.80354897,41.951349422
4058993,2005-06-09 00:01:00,ROBBERY,-87.579417823,41.740188275
4149591,2005-06-09 00:30:00,NARCOTICS,-87.579672194,41.752588703
4058954,2005-06-09 02:15:00,ROBBERY,-87.704161146,41.862527334
4074695,2005-06-09 02:30:00,BATTERY,-87.771475378,41.909761855
4150085,2005-06-09 03:39:30,LIQUOR LAW VIOLATION,-87.671906697,41.795188333
4066531,2005-06-09 04:14:24,CRIMINAL DAMAGE,-87.649323127,41.793876041
4065592,2005-06-09 08:00:00,THEFT,-87.703826927,41.918277536
4084633,2005-06-09 09:00:00,CRIMINAL DAMAGE,-87.534077066,41.689438587
4062668,2005-06-09 09:30:00,THEFT,-87.557845321,41.73365047
4066404,2005-06-09 10:40:00,BATTERY,-87.728021961,41.852540231
4062862,2005-06-09 12:04:17,BATTERY,-87.628742936,41.724861497
4068624,2005-06-09 14:00:00,CRIMINAL DAMAGE,-87.611793292,41.819055704
4065029,2005-06-09 14:00:00,BATTERY,-87.678199026,41.878726928
4061891,2005-06-09 15:00:00,BATTERY,-87.708487799,41.968906368
4061378,2005-06-09 15:00:00,THEFT,-87.597894925,41.750547026
4149609,2005-06-09 15:05:00,NARCOTICS,-87.624779628,41.759162929
4063814,2005-06-09 15:10:00,CRIMINAL TRESPASS,-87.704049438,41.872795719
4067211,2005-06-09 15:14:55,CRIMINAL TRESPASS,-87.627069839,41.852051628
4169413,2005-06-09 15:30:00,PROSTITUTION,-87.713761405,41.875417143
4177341,2005-06-09 16:10:00,NARCOTICS,-87.747557439,41.869326623
4067481,2005-06-09 17:00:00,ASSAULT,-87.645745232,41.769735114
4061922,2005-06-09 17:03:23,OTHER OFFENSE,-87.643761026,41.741069956
4064772,2005-06-09 18:37:00,BURGLARY,-87.660471986,41.939809809
4065260,2005-06-09 19:00:00,ASSAULT,-87.624141504,41.866937617
4070570,2005-06-09 19:47:48,BATTERY,-87.719908848,41.853825409
4061630,2005-06-09 19:50:00,ASSAULT,-87.698351418,41.91020679
4068558,2005-06-09 20:00:00,BATTERY,-87.670231127,41.777005986
4063822,2005-06-09 21:00:00,THEFT,-87.648391633,41.935589121
4156048,2005-06-09 21:30:00,PROSTITUTION,-87.624165306,41.892017399
4156067,2005-06-09 22:02:55,NARCOTICS,-87.627075368,41.852216317
4061729,2005-06-09 22:37:47,THEFT,-87.543515324,41.652938319
4064544,2005-06-09 23:00:00,CRIMINAL DAMAGE,-87.661287453,41.953156951
4092144,2005-06-09 23:05:00,ASSAULT,-87.652340761,41.790106855
4061675,2005-06-10 00:00:00,CRIMINAL DAMAGE,-87.774495121,42.001515715
4061885,2005-06-10 00:00:00,THEFT,-87.699104522,41.910951895
4062301,2005-06-10 00:02:40,BATTERY,-87.704402338,41.88099198
4068987,2005-06-10 00:15:00,CRIMINAL DAMAGE,-87.611676269,41.818042333
4063431,2005-06-10 01:00:00,CRIMINAL DAMAGE,-87.61819887,41.689948937
4073180,2005-06-10 02:00:00,CRIMINAL DAMAGE,-87.731331357,41.907072136
4062417,2005-06-10 04:40:00,BATTERY,-87.568205639,41.71302232
4065185,2005-06-10 07:00:00,MOTOR VEHICLE THEFT,-87.68885784,41.937634577
4065210,2005-06-10 07:20:00,BATTERY,-87.636047576,41.893964478
4065506,2005-06-10 08:00:00,MOTOR VEHICLE THEFT,-87.615139009,41.658254693
4065623,2005-06-10 08:00:00,BURGLARY,-87.695015603,41.882910557
4064375,2005-06-10 08:45:00,THEFT,-87.664110751,41.994967619
4065194,2005-06-10 10:00:00,BURGLARY,-87.647196522,41.835773926
4070938,2005-06-10 10:20:00,CRIMINAL DAMAGE,-87.629160956,41.697977932
4076417,2005-06-10 12:00:00,THEFT,-87.652233868,41.870115355
4067631,2005-06-10 12:30:24,BATTERY,-87.626977894,41.848398456
4165498,2005-06-10 12:47:03,NARCOTICS,-87.65577081,41.962737486
4074174,2005-06-10 13:24:00,WEAPONS VIOLATION,-87.668351863,41.798504861
4063908,2005-06-10 13:30:00,THEFT,-87.657216393,41.924412074
4063774,2005-06-10 14:00:00,THEFT,-87.723516274,41.805581099
4064713,2005-06-10 15:00:00,MOTOR VEHICLE THEFT,-87.721119775,41.855788527
4068409,2005-06-10 15:35:00,BATTERY,-87.782219095,41.948436193
4187496,2005-06-10 16:00:00,DECEPTIVE PRACTICE,-87.5983452,41.719739548
4079952,2005-06-10 16:44:00,CRIMINAL TRESPASS,-87.606558389,41.809305232
4065674,2005-06-10 17:30:00,THEFT,-87.675386795,41.907662578
4064699,2005-06-10 18:00:00,CRIMINAL DAMAGE,-87.535283378,41.703808011
4071656,2005-06-10 18:15:00,BATTERY,-87.644910618,41.695512899
4064824,2005-06-10 18:58:22,BATTERY,-87.604510668,41.722915572
4065411,2005-06-10 20:05:00,BATTERY,-87.733079433,41.882421526
4064513,2005-06-10 20:30:00,OTHER OFFENSE,-87.777782499,41.782584759
4066529,2005-06-10 21:15:47,PUBLIC PEACE VIOLATION,-87.655545958,41.685542831
4074796,2005-06-10 21:25:00,BATTERY,-87.61696452,41.798448373
4065090,2005-06-10 21:30:00,BURGLARY,-87.659251769,41.930730264
4065319,2005-06-10 21:45:00,BATTERY,-87.542971518,41.740448303
4071717,2005-06-10 22:00:00,BURGLARY,-87.644115993,41.709921345
4065110,2005-06-10 22:00:00,THEFT,-87.759281189,41.893452894
4070727,2005-06-10 22:30:00,CRIMINAL DAMAGE,-87.686304745,41.787484784
4176589,2005-06-10 23:30:11,NARCOTICS,-87.711850332,41.88544802
4064684,2005-06-10 23:45:00,BATTERY,-87.598169888,41.725800619
4064582,2005-06-11 00:00:00,MOTOR VEHICLE THEFT,-87.63115524,41.892628411
4064659,2005-06-11 01:15:00,BATTERY,-87.646906167,41.852641163
4178899,2005-06-11 02:57:00,LIQUOR LAW VIOLATION,-87.601584259,41.80352714
4067108,2005-06-11 03:03:42,OTHER OFFENSE,-87.60859811,41.735680524
4065066,2005-06-11 03:30:00,THEFT,-87.627524154,41.724428648
4071695,2005-06-11 03:40:00,CRIMINAL DAMAGE,-87.674262427,41.792907649
4070724,2005-06-11 03:55:08,THEFT,-87.689839568,41.996420966
4065172,2005-06-11 04:35:00,BURGLARY,-87.582431423,41.765510452
4065084,2005-06-11 04:40:00,BURGLARY,-87.654503156,41.914486666
4066975,2005-06-11 06:20:00,MOTOR VEHICLE THEFT,-87.73187024,41.797883511
4066004,2005-06-11 08:00:00,ASSAULT,-87.692906386,41.848834394
4070302,2005-06-11 08:41:57,BATTERY,-87.661468054,41.750384759
4066190,2005-06-11 09:51:17,ASSAULT,-87.67890364,41.852128157
4067060,2005-06-11 11:00:00,ASSAULT,-87.627031661,41.850517353
4231556,2005-06-11 11:00:00,THEFT,-87.77937326,41.957420785
4072842,2005-06-11 11:45:00,CRIMINAL TRESPASS,-87.573876465,41.767029443
4148795,2005-06-11 11:53:00,BATTERY,-87.635259592,41.835762371
4073697,2005-06-11 11:57:00,BATTERY,-87.668197571,41.777600719
4071587,2005-06-11 12:00:00,BURGLARY,-87.720605923,41.965267004
4073997,2005-06-11 12:30:00,BATTERY,-87.709904943,41.885346915
4065604,2005-06-11 12:45:00,NARCOTICS,-87.751901263,41.90410733
4066079,2005-06-11 13:20:00,THEFT,-87.628061509,41.891404732
4066319,2005-06-11 13:55:00,BATTERY,-87.538909997,41.703709645
4066507,2005-06-11 14:10:00,BATTERY,-87.700705685,41.827233583
4066465,2005-06-11 15:39:00,ASSAULT,-87.572272473,41.76627787
4066470,2005-06-11 17:00:00,CRIMINAL DAMAGE,-87.649971265,41.963880376
4066355,2005-06-11 18:09:45,BATTERY,-87.66204967,41.723043826
4066528,2005-06-11 18:57:00,BATTERY,-87.625451956,41.785023808
4070688,2005-06-11 19:20:00,WEAPONS VIOLATION,-87.716398888,41.79238424
4066273,2005-06-11 19:30:00,ASSAULT,-87.605885396,41.749445288
4066332,2005-06-11 20:01:23,BATTERY,-87.645677001,41.752437381
4067238,2005-06-11 20:02:02,ROBBERY,-87.66034135,41.992404461
4153020,2005-06-11 20:30:00,NARCOTICS,-87.659522427,41.786084912
4065969,2005-06-11 23:39:00,OTHER OFFENSE,-87.628554556,41.689796109
4066139,2005-06-11 23:56:00,BURGLARY,-87.670471376,41.887777008
4072126,2005-06-12 00:01:00,ROBBERY,-87.625807502,41.798706255
4083670,2005-06-12 00:01:00,THEFT,-87.645141738,41.891217472
4082762,2005-06-12 00:34:44,BATTERY,-87.715189554,41.85828697
4066387,2005-06-12 00:41:32,BURGLARY,-87.707593622,41.809032847
4066714,2005-06-12 00:45:00,CRIMINAL DAMAGE,-87.621113078,41.741052552
4153003,2005-06-12 00:50:38,NARCOTICS,-87.750535354,41.935132174
4153161,2005-06-12 01:01:55,NARCOTICS,-87.753008553,41.880399914
4082333,2005-06-12 01:06:30,BATTERY,-87.729968773,41.846919247
4067207,2005-06-12 01:25:00,BATTERY,-87.756814482,41.942685788
4073960,2005-06-12 02:00:00,ASSAULT,-87.613507428,41.697625726
4070860,2005-06-12 02:47:00,BATTERY,-87.723855981,41.880751096
4065798,2005-06-12 03:00:00,OTHER OFFENSE,-87.756776052,41.775727538
4071346,2005-06-12 03:30:00,WEAPONS VIOLATION,-87.64789987,41.75913853
4080376,2005-06-12 04:00:00,SEX OFFENSE,-87.665364618,41.7750266
4066370,2005-06-12 04:45:07,BATTERY,-87.690810038,41.902050138
4066292,2005-06-12 05:50:00,THEFT,-87.635677443,41.8952383
4074847,2005-06-12 06:30:00,BATTERY,-87.622315729,41.788786066
4068189,2005-06-12 10:00:00,CRIMINAL TRESPASS,-87.64250581,41.903726336
4084950,2005-06-12 12:20:00,ROBBERY,-87.617362165,41.704979902
4153480,2005-06-12 12:29:26,NARCOTICS,-87.637471128,41.777575141
4067557,2005-06-12 13:00:00,BATTERY,-87.561472843,41.756559628
4068148,2005-06-12 13:30:00,THEFT,-87.639638995,41.924224899
4075008,2005-06-12 13:30:00,ROBBERY,-87.64737902,41.786013045
4066799,2005-06-12 14:37:00,ROBBERY,-87.576478764,41.772979774
4071929,2005-06-12 16:00:00,THEFT,-87.578131495,41.765531665
4067369,2005-06-12 16:15:00,THEFT,-87.808042223,41.940486484
4067125,2005-06-12 16:50:00,ASSAULT,-87.667801443,41.903343349
4073647,2005-06-12 17:30:00,THEFT,-87.689717853,41.778387417
4067585,2005-06-12 17:35:00,ROBBERY,-87.728249919,41.866128258
4159252,2005-06-12 17:46:14,NARCOTICS,-87.733797077,41.91445605
4072297,2005-06-12 18:06:00,BATTERY,-87.628939124,41.828201751
4070391,2005-06-12 19:00:00,CRIMINAL DAMAGE,-87.675239673,41.892296756
4070892,2005-06-12 19:00:00,SEX OFFENSE,-87.619020561,41.786682712
4068322,2005-06-12 20:13:00,CRIMINAL TRESPASS,-87.634185138,41.896011332
4070674,2005-06-12 21:00:00,CRIMINAL DAMAGE,-87.679679145,41.939555783
4067135,2005-06-12 21:00:00,THEFT,-87.649155333,41.923623384
4075171,2005-06-12 22:00:00,BATTERY,-87.638306578,41.801718939
4070655,2005-06-12 22:30:00,BATTERY,-87.546865483,41.727615205
4157473,2005-06-12 22:45:00,NARCOTICS,-87.703021773,41.773998952
4076256,2005-06-12 23:20:00,CRIMINAL DAMAGE,-87.762508087,41.929500796
4081001,2005-06-13 00:00:00,DECEPTIVE PRACTICE,-87.61087278,41.783440155
4068104,2005-06-13 00:20:51,CRIMINAL DAMAGE,-87.663332294,41.746259974
4079547,2005-06-13 02:00:00,BATTERY,-87.719570063,41.917248608
4069643,2005-06-13 04:00:00,CRIMINAL DAMAGE,-87.759645021,41.918048577
4072468,2005-06-13 04:00:00,BATTERY,-87.605647981,41.706525472
4075340,2005-06-13 04:00:00,BATTERY,-87.745220973,41.939528763
4078070,2005-06-13 04:10:00,CRIMINAL DAMAGE,-87.627286794,41.902387887
4072319,2005-06-13 04:15:00,CRIMINAL DAMAGE,-87.620651734,41.682334926
4082545,2005-06-13 04:30:00,CRIMINAL DAMAGE,-87.711222061,41.847609583
4068697,2005-06-13 04:30:00,OTHER OFFENSE,-87.773185123,41.955381995
4074213,2005-06-13 06:50:00,THEFT,-87.668002648,42.011932852
4081543,2005-06-13 08:45:00,OFFENSE INVOLVING CHILDREN,-87.710410029,41.861699701
4071780,2005-06-13 08:57:27,THEFT,-87.724846958,41.854864309
4069696,2005-06-13 09:00:00,THEFT,-87.641807112,41.8792792
4170330,2005-06-13 10:38:00,NARCOTICS,-87.629204627,41.841471897
4076868,2005-06-13 11:01:00,THEFT,-87.741528537,41.754592961
4070496,2005-06-13 11:05:00,CRIMINAL DAMAGE,-87.659611963,41.935265829
4072116,2005-06-13 12:00:00,THEFT,-87.673468558,41.762323422
4072606,2005-06-13 12:00:00,BATTERY,-87.604855911,41.737750767
4075392,2005-06-13 12:45:00,ROBBERY,-87.616813301,41.785683767
4075568,2005-06-13 12:46:17,BATTERY,-87.613320823,41.809432891
4078090,2005-06-13 14:00:00,CRIMINAL TRESPASS,-87.661437946,41.697015814
4084606,2005-06-13 14:05:00,BATTERY,-87.625214821,41.681177579
4131245,2005-06-13 14:30:00,BATTERY,-87.635704284,41.897159428
4069348,2005-06-13 14:45:00,THEFT,-87.618092033,41.80687759
4074611,2005-06-13 14:51:00,BATTERY,-87.657274475,41.793088848
4071816,2005-06-13 15:30:00,KIDNAPPING,-87.574738456,41.771648292
4158598,2005-06-13 16:20:00,NARCOTICS,-87.731626185,41.878797001
4069587,2005-06-13 16:45:00,OTHER OFFENSE,-87.669035779,41.753925009
4070099,2005-06-13 16:57:55,THEFT,-87.604855911,41.737750767
4074104,2005-06-13 17:15:00,OTHER OFFENSE,-87.67218351,41.805719742
4161840,2005-06-13 17:25:00,NARCOTICS,-87.725330427,41.897202424
4071025,2005-06-13 18:40:00,ASSAULT,-87.657154018,41.712723917
4071003,2005-06-13 18:42:00,BATTERY,-87.696194429,41.908405602
4095663,2005-06-13 19:14:00,MOTOR VEHICLE THEFT,-87.646125011,41.784638895
4072719,2005-06-13 19:31:58,CRIMINAL DAMAGE,-87.723029494,41.874989271
4070825,2005-06-13 20:20:00,BATTERY,-87.748571238,41.953401434
4078225,2005-06-13 20:20:00,THEFT,-87.588157998,41.795191528
4071755,2005-06-13 21:00:00,CRIMINAL DAMAGE,-87.600163368,41.745394001
4074743,2005-06-13 21:00:00,BATTERY,-87.544246171,41.743777669
4070842,2005-06-13 21:00:00,THEFT,-87.733639652,41.880632459
4174385,2005-06-13 21:15:00,NARCOTICS,-87.688676832,41.881129809
4072466,2005-06-13 21:30:00,MOTOR VEHICLE THEFT,-87.623206095,41.76126358
4073569,2005-06-13 21:31:00,BATTERY,-87.653463411,41.959123447
4072029,2005-06-13 22:11:20,BATTERY,-87.748311286,41.885702668
4168616,2005-06-13 22:28:50,NARCOTICS,-87.653871799,41.802424035
4101809,2005-06-13 22:30:00,ROBBERY,-87.621791532,41.772852222
4070062,2005-06-13 23:00:00,NARCOTICS,-87.779325295,41.92262106
4095622,2005-06-13 23:50:00,MOTOR VEHICLE THEFT,-87.641331854,41.787788008
4073584,2005-06-14 00:01:00,BATTERY,-87.704323681,41.932045297
4076680,2005-06-14 00:30:00,BATTERY,-87.723297032,41.906308
4077482,2005-06-14 01:00:00,MOTOR VEHICLE THEFT,-87.696104695,42.006727417
4071598,2005-06-14 01:28:00,BATTERY,-87.647833511,41.896400972
4078239,2005-06-14 03:00:00,MOTOR VEHICLE THEFT,-87.675053147,41.686128248
4136725,2005-06-14 06:35:00,CRIMINAL DAMAGE,-87.627655814,41.883216173
4078674,2005-06-14 08:00:00,THEFT,-87.600160953,41.745284213
4143750,2005-06-14 09:00:00,DECEPTIVE PRACTICE,-87.757469412,41.778135022
4075287,2005-06-14 11:00:00,ASSAULT,-87.673159475,41.989710002
4079213,2005-06-14 12:00:00,THEFT,-87.659883414,41.931472166
4080182,2005-06-14 12:00:00,BATTERY,-87.725949418,41.805047877
4073117,2005-06-14 12:00:00,THEFT,-87.624096605,41.897895128
4079299,2005-06-14 12:26:01,OTHER OFFENSE,-87.724257186,41.90268796
4084476,2005-06-14 13:30:46,CRIMINAL TRESPASS,-87.629204627,41.841471897
4075854,2005-06-14 14:30:00,MOTOR VEHICLE THEFT,-87.628336444,41.814240693
4075884,2005-06-14 15:10:00,ROBBERY,-87.586322042,41.776757223
4077152,2005-06-14 15:15:00,BURGLARY,-87.656581101,41.982407209
4075305,2005-06-14 15:40:00,BATTERY,-87.694433309,41.968565569
4075873,2005-06-14 16:00:00,THEFT,-87.736279154,41.965453864
4076700,2005-06-14 16:05:00,THEFT,-87.725945966,41.924491602
4085446,2005-06-14 17:00:00,CRIMINAL DAMAGE,-87.735988976,41.859821303
4165732,2005-06-14 18:18:29,NARCOTICS,-87.759276606,41.885760749
4074431,2005-06-14 18:35:00,CRIMINAL DAMAGE,-87.717825598,41.954242359
4075727,2005-06-14 19:00:00,ASSAULT,-87.565708918,41.707385305
4074949,2005-06-14 19:00:00,ASSAULT,-87.697166064,41.916366517
4186500,2005-06-14 19:07:23,NARCOTICS,-87.629108924,41.681599435
4158832,2005-06-14 19:10:00,LIQUOR LAW VIOLATION,-87.739925833,41.924325954
4078045,2005-06-14 19:30:00,ASSAULT,-87.664700093,41.686093179
4086092,2005-06-14 20:00:00,BATTERY,-87.733998826,41.872453722
4073508,2005-06-14 20:00:00,MOTOR VEHICLE THEFT,-87.642195568,41.686448536
4096037,2005-06-14 20:25:00,DECEPTIVE PRACTICE,-87.743184936,41.80899069
4158947,2005-06-14 20:40:00,NARCOTICS,-87.684894118,41.780462421
4080586,2005-06-14 20:55:00,PUBLIC PEACE VIOLATION,-87.654825814,41.969326227
4186530,2005-06-14 22:30:00,NARCOTICS,-87.660411912,41.77360634
4170599,2005-06-14 23:10:00,NARCOTICS,-87.641815723,41.898230971
4170544,2005-06-14 23:36:39,NARCOTICS,-87.721990345,41.880771366
4170558,2005-06-15 00:20:00,NARCOTICS,-87.626979903,41.848549403
4170561,2005-06-15 00:25:00,NARCOTICS,-87.763211943,41.880972429
4080936,2005-06-15 00:30:00,DECEPTIVE PRACTICE,-87.618330943,41.75930959
4170620,2005-06-15 00:43:00,LIQUOR LAW VIOLATION,-87.668125876,41.983501017
4082271,2005-06-15 04:45:00,CRIMINAL DAMAGE,-87.643522537,41.966215545
4080401,2005-06-15 09:00:00,BURGLARY,-87.671233104,41.677354605
4177764,2005-06-15 09:45:00,NARCOTICS,-87.743174845,41.873192794
4153181,2005-06-15 11:00:00,OTHER OFFENSE,-87.668714726,42.007861864
4077533,2005-06-15 11:10:00,CRIMINAL DAMAGE,-87.678771704,41.929451882
4079351,2005-06-15 12:00:00,THEFT,-87.631888748,41.769044859
4081865,2005-06-15 13:11:00,BATTERY,-87.573992444,41.771182323
4168279,2005-06-15 13:30:09,NARCOTICS,-87.561402791,41.752618346
4077344,2005-06-15 14:30:00,BATTERY,-87.552726675,41.741854212
4083723,2005-06-15 15:30:00,BATTERY,-87.659655286,41.967458424
4169511,2005-06-15 15:48:16,NARCOTICS,-87.707508993,41.845602565
4094920,2005-06-15 16:00:00,OTHER OFFENSE,-87.665583524,41.89973827
4085399,2005-06-15 16:05:00,THEFT,-87.671631411,41.768465576
4085500,2005-06-15 16:40:00,BATTERY,-87.653321414,41.780935761
4090051,2005-06-15 17:30:00,DECEPTIVE PRACTICE,-87.627983664,41.905822459
4078378,2005-06-15 18:00:00,MOTOR VEHICLE THEFT,-87.723938577,41.874376641
4078522,2005-06-15 18:00:00,BATTERY,-87.62152816,41.895003278
4078261,2005-06-15 19:00:00,CRIMINAL DAMAGE,-87.549141439,41.745905086
4088698,2005-06-15 19:35:00,CRIMINAL TRESPASS,-87.629084946,41.840672583
4079055,2005-06-15 19:45:00,CRIMINAL DAMAGE,-87.588453413,41.762067143
4085616,2005-06-15 20:25:00,CRIMINAL DAMAGE,-87.67053229,41.789414665
4085078,2005-06-15 20:30:00,BURGLARY,-87.628104773,41.700471538
4078281,2005-06-15 21:00:00,THEFT,-87.599766318,41.800524282
4092897,2005-06-15 21:30:00,CRIMINAL DAMAGE,-87.707737652,41.810817415
4084589,2005-06-15 21:38:00,OFFENSE INVOLVING CHILDREN,-87.623791761,41.675756968
4079705,2005-06-15 23:00:00,ASSAULT,-87.732545084,41.855958632
4077033,2005-06-15 23:05:00,BATTERY,-87.757587129,41.997321354
4163604,2005-06-15 23:40:00,NARCOTICS,-87.613018962,41.772517636
4076976,2005-06-16 00:00:00,MOTOR VEHICLE THEFT,-87.671338619,41.773411857
4076814,2005-06-16 00:10:00,OTHER OFFENSE,-87.583839095,41.772429772
4082398,2005-06-16 00:15:00,BATTERY,-87.632873247,41.902455031
4077727,2005-06-16 02:48:38,BATTERY,-87.58004141,41.751100969
4078337,2005-06-16 04:00:00,CRIMINAL DAMAGE,-87.763240612,41.936793099
4080081,2005-06-16 04:10:00,BURGLARY,-87.734662795,41.942114136
4083987,2005-06-16 05:50:00,THEFT,-87.656974008,41.995323698
4079689,2005-06-16 07:00:00,BURGLARY,-87.66762258,41.957310174
4078902,2005-06-16 09:00:00,THEFT,-87.663785792,41.764682386
4083798,2005-06-16 10:30:00,CRIMINAL TRESPASS,-87.596087918,41.795072549
4079198,2005-06-16 11:00:00,MOTOR VEHICLE THEFT,-87.736835251,41.900673853
4185541,2005-06-16 11:52:23,NARCOTICS,-87.718421009,41.90298342
4081048,2005-06-16 12:35:00,BATTERY,-87.658120918,41.910764867
4081733,2005-06-16 13:00:00,THEFT,-87.64476985,41.779015962
4188692,2005-06-16 14:07:00,NARCOTICS,-87.721407092,41.87531818
4082626,2005-06-16 14:30:00,CRIMINAL DAMAGE,-87.598606502,41.749527954
4095002,2005-06-16 15:00:00,BATTERY,-87.681908587,41.764265154
4097742,2005-06-16 15:00:00,BURGLARY,-87.684899226,41.869766562
4087445,2005-06-16 15:20:00,CRIMINAL DAMAGE,-87.76310227,41.909407737
4092455,2005-06-16 16:00:00,THEFT,-87.716123977,41.981614917
4083401,2005-06-16 17:00:00,THEFT,-87.662163291,41.74802323
4079610,2005-06-16 17:10:00,ROBBERY,-87.655622304,41.950033668
4087934,2005-06-16 17:46:00,BATTERY,-87.673088938,41.987280984
4101788,2005-06-16 18:00:00,THEFT,-87.717784226,41.863709837
4080837,2005-06-16 18:15:00,CRIMINAL TRESPASS,-87.605994327,41.783285879
4189378,2005-06-16 18:39:00,NARCOTICS,-87.707031447,41.878374614
4081070,2005-06-16 18:42:57,BATTERY,-87.675329027,41.740225957
4087904,2005-06-16 18:50:00,BATTERY,-87.653577128,41.772344892
4080029,2005-06-16 19:00:00,THEFT,-87.686194791,41.872361698
4084229,2005-06-16 19:00:00,BURGLARY,-87.752548319,41.975743027
4079646,2005-06-16 20:14:46,ROBBERY,-87.580899821,41.752909599
4096382,2005-06-16 20:50:00,CRIMINAL TRESPASS,-87.754996996,41.909509901
4166156,2005-06-16 22:00:00,MOTOR VEHICLE THEFT,-87.701415852,41.877369643
4080633,2005-06-16 22:00:00,THEFT,-87.63716789,41.680432793
4087979,2005-06-16 22:00:00,BATTERY,-87.643595999,41.784206607
4084940,2005-06-16 22:00:00,BURGLARY,-87.76784582,41.946777397
4080484,2005-06-16 22:54:01,ASSAULT,-87.635116354,41.691748962
4084844,2005-06-16 23:30:00,ROBBERY,-87.654756322,41.962361027
4082263,2005-06-17 00:00:00,CRIMINAL DAMAGE,-87.667985838,41.988472687
4083768,2005-06-17 04:00:00,MOTOR VEHICLE THEFT,-87.585511041,41.799224883
4083642,2005-06-17 06:00:00,CRIMINAL DAMAGE,-87.707987231,41.91365703
4096093,2005-06-17 08:59:30,BATTERY,-87.631778562,41.757287613
4082992,2005-06-17 09:00:00,THEFT,-87.649926521,41.889912347
4081132,2005-06-17 09:15:00,THEFT,-87.711703335,41.910834183
4083086,2005-06-17 09:50:00,BATTERY,-87.617516172,41.839816207
4081821,2005-06-17 09:55:00,OTHER OFFENSE,-87.644372052,41.838067689
4081310,2005-06-17 11:17:00,NARCOTICS,-87.772378808,41.887134504
4089297,2005-06-17 13:30:00,PUBLIC PEACE VIOLATION,-87.608109527,41.837954218
4147627,2005-06-17 13:30:00,BATTERY,-87.626953617,41.845267108
4099076,2005-06-17 14:15:00,OTHER OFFENSE,-87.656300124,41.80239172
4090918,2005-06-17 14:20:00,CRIMINAL DAMAGE,-87.745917518,41.9116839
4082188,2005-06-17 14:47:00,BATTERY,-87.585213433,41.771516648
4091089,2005-06-17 16:00:00,ASSAULT,-87.694429347,41.903417753
4087793,2005-06-17 16:27:34,CRIMINAL TRESPASS,-87.623789319,41.852303089
4085834,2005-06-17 16:30:00,BURGLARY,-87.573221086,41.77348517
4089721,2005-06-17 16:30:00,DECEPTIVE PRACTICE,-87.5899959,41.775139967
4091424,2005-06-17 16:35:00,BATTERY,-87.727638664,41.912585094
4091701,2005-06-17 17:00:00,DECEPTIVE PRACTICE,-87.628552521,41.868784208
4092255,2005-06-17 19:50:00,BATTERY,-87.701627875,41.873737423
4092055,2005-06-17 19:50:00,BATTERY,-87.650078866,41.749631519
4083822,2005-06-17 20:00:00,THEFT,-87.774062876,41.899107626
4105364,2005-06-17 20:00:00,BATTERY,-87.747740409,41.909604848
4082364,2005-06-17 20:10:00,ROBBERY,-87.70401987,41.763776417
4096781,2005-06-17 20:30:00,OFFENSE INVOLVING CHILDREN,-87.678989592,41.847296004
4083255,2005-06-17 21:00:00,CRIMINAL DAMAGE,-87.579204781,41.753384227
4083137,2005-06-17 21:00:00,THEFT,-87.663762731,41.794037951
4083220,2005-06-17 21:00:00,MOTOR VEHICLE THEFT,-87.721881801,41.877134658
4082287,2005-06-17 21:15:32,BATTERY,-87.677117923,41.898254269
4167676,2005-06-17 21:25:00,NARCOTICS,-87.668851281,41.801282221
4082487,2005-06-17 22:00:00,THEFT,-87.692122762,41.91109424
4083477,2005-06-17 22:00:00,MOTOR VEHICLE THEFT,-87.61965751,41.772891126
4083868,2005-06-17 23:00:00,BATTERY,-87.653574742,41.924420759
4167716,2005-06-17 23:00:00,NARCOTICS,-87.622096817,41.709007784
4084757,2005-06-17 23:30:00,CRIMINAL DAMAGE,-87.657925733,41.98046126
4083259,2005-06-17 23:51:20,BURGLARY,-87.662207038,41.939789777
4083584,2005-06-18 00:00:00,OTHER OFFENSE,-87.657614266,41.967827873
4082492,2005-06-18 00:01:00,ARSON,-87.666008144,41.898821419
4093171,2005-06-18 00:03:00,BURGLARY,-87.588999183,41.768758526
4082671,2005-06-18 01:00:00,CRIMINAL DAMAGE,-87.686414326,41.791538717
4084276,2005-06-18 01:29:25,BATTERY,-87.676772114,41.910497067
4083317,2005-06-18 01:58:00,ROBBERY,-87.719735069,41.866244992
4085557,2005-06-18 05:10:38,BATTERY,-87.664124055,41.995453418
4085347,2005-06-18 05:30:00,BATTERY,-87.625512367,41.853491006
4084470,2005-06-18 07:40:00,THEFT,-87.621955063,41.840949723
4089005,2005-06-18 08:00:00,OFFENSE INVOLVING CHILDREN,-87.638620663,41.688309595
4091665,2005-06-18 08:35:00,ASSAULT,-87.653411928,41.784514852
4084263,2005-06-18 09:00:00,CRIMINAL TRESPASS,-87.627026373,41.850330711
4084140,2005-06-18 10:00:00,THEFT,-87.617808311,41.72319948
4088814,2005-06-18 10:00:00,THEFT,-87.654742531,41.726796298
4085686,2005-06-18 11:40:00,ASSAULT,-87.638411174,41.92562526
4083891,2005-06-18 13:08:43,THEFT,-87.769852213,41.882945387
4088350,2005-06-18 13:41:39,THEFT,-87.648510976,41.737163023
4088655,2005-06-18 13:49:34,BATTERY,-87.715115092,41.896113305
4085013,2005-06-18 14:30:00,ASSAULT,-87.551417434,41.736812256
4083748,2005-06-18 15:00:00,THEFT,-87.750117639,41.909573038
4083602,2005-06-18 18:00:00,OTHER OFFENSE,-87.770659575,41.906440077
4097924,2005-06-18 18:00:00,CRIMINAL DAMAGE,-87.639417374,41.911103416
4092363,2005-06-18 18:22:00,THEFT,-87.624131266,41.899410159
4089112,2005-06-18 18:30:00,CRIMINAL DAMAGE,-87.713963739,41.898189979
4083564,2005-06-18 19:00:00,THEFT,-87.612112232,41.884096556
4083984,2005-06-18 19:30:50,BATTERY,-87.542921052,41.731117319
4084390,2005-06-18 19:40:00,BATTERY,-87.59935555,41.814020748
4192245,2005-06-18 19:41:27,NARCOTICS,-87.732539079,41.855815899
4092496,2005-06-18 20:30:00,PUBLIC PEACE VIOLATION,-87.709620261,41.9100792
4092457,2005-06-18 21:00:00,BATTERY,-87.658494254,41.793219513
4085718,2005-06-18 22:00:00,THEFT,-87.673665584,42.012651582
4092422,2005-06-18 22:00:00,CRIMINAL DAMAGE,-87.711902519,41.917569606
4084432,2005-06-18 22:10:00,BATTERY,-87.590074889,41.800997119
4095718,2005-06-18 22:50:00,THEFT,-87.678492886,41.903168813
4193102,2005-06-18 23:18:28,NARCOTICS,-87.718641827,41.851211586
4084452,2005-06-19 00:00:00,THEFT,-87.623531928,41.841387584
4084175,2005-06-19 00:00:00,SEX OFFENSE,-87.701681249,41.812716244
4083943,2005-06-19 00:03:18,CRIMINAL DAMAGE,-87.555472437,41.732942865
4084110,2005-06-19 00:19:13,MOTOR VEHICLE THEFT,-87.77050932,41.887155543
4096494,2005-06-19 00:57:52,BATTERY,-87.666278518,41.766080013
4107967,2005-06-19 01:13:00,THEFT,-87.584373348,41.767155983
4085600,2005-06-19 01:30:00,THEFT,-87.724058328,41.90892181
4195897,2005-06-19 01:33:21,NARCOTICS,-87.66984617,42.019366533
4083783,2005-06-19 01:48:00,BATTERY,-87.754694454,41.908432636
4086151,2005-06-19 04:15:29,THEFT,-87.661901898,41.753414264
4085226,2005-06-19 04:35:00,ROBBERY,-87.743176325,41.808729939
4207635,2005-06-19 10:30:00,NARCOTICS,-87.71510952,41.895929411
4214975,2005-06-19 10:45:52,NARCOTICS,-87.645882255,41.775098286
4102309,2005-06-19 11:00:00,THEFT,-87.717471709,41.763432177
4091819,2005-06-19 11:14:00,STALKING,-87.670793935,41.798903171
4084640,2005-06-19 15:40:00,OTHER OFFENSE,-87.581016493,41.765199323
4203909,2005-06-19 15:43:00,NARCOTICS,-87.643107045,41.900768924
4104712,2005-06-19 16:30:00,CRIMINAL DAMAGE,-87.649725292,41.737016573
4085422,2005-06-19 16:45:00,CRIMINAL DAMAGE,-87.766605275,41.88301997
4084744,2005-06-19 16:55:00,THEFT,-87.6242787,41.896375946
4086050,2005-06-19 17:00:00,MOTOR VEHICLE THEFT,-87.775048159,41.892260043
4168510,2005-06-19 18:00:00,NARCOTICS,-87.60952661,41.777945849
4085569,2005-06-19 18:04:24,OTHER OFFENSE,-87.64114148,41.691543909
4086273,2005-06-19 18:35:00,THEFT,-87.627876698,41.883500187
4086130,2005-06-19 19:40:00,ASSAULT,-87.624305325,41.705330315
4085907,2005-06-19 19:55:00,ASSAULT,-87.582580182,41.770986288
4088897,2005-06-19 20:30:00,BATTERY,-87.628331665,41.814007401
4093014,2005-06-19 21:00:00,ROBBERY,-87.725407221,41.873220862
4085665,2005-06-19 21:00:00,THEFT,-87.592332154,41.743197716
4102225,2005-06-19 21:30:00,BATTERY,-87.708383192,41.790817833
4103110,2005-06-19 21:45:00,BATTERY,-87.716244325,41.763376194
4138317,2005-06-19 22:00:00,DECEPTIVE PRACTICE,-87.573177136,41.732482308
4102882,2005-06-19 22:41:00,DECEPTIVE PRACTICE,-87.703181081,41.780569671
4103033,2005-06-20 00:08:00,CRIMINAL DAMAGE,-87.752957758,41.808453205
4093258,2005-06-20 00:30:00,BURGLARY,-87.687168918,41.869332042
4086108,2005-06-20 02:00:00,BATTERY,-87.643107045,41.900768924
4085980,2005-06-20 05:35:00,CRIM SEXUAL ASSAULT,-87.719061434,41.877169004
4107384,2005-06-20 06:00:00,CRIMINAL DAMAGE,-87.688173862,41.943868343
4102066,2005-06-20 07:15:00,BATTERY,-87.68251249,41.768343862
4170259,2005-06-20 10:45:00,NARCOTICS,-87.629204627,41.841471897
4099007,2005-06-20 11:45:00,ROBBERY,-87.729408899,41.880681639
4096367,2005-06-20 13:33:00,ASSAULT,-87.653958763,41.759105909
4089088,2005-06-20 17:25:00,MOTOR VEHICLE THEFT,-87.65008096,41.749779724
4088047,2005-06-20 17:25:00,CRIMINAL TRESPASS,-87.643807077,41.858218136
4186286,2005-06-20 17:30:00,CRIM SEXUAL ASSAULT,-87.713166035,41.961994378
4095563,2005-06-20 17:49:00,OTHER OFFENSE,-87.615968735,41.794344947
4112725,2005-06-20 18:15:00,OTHER OFFENSE,-87.673617146,41.768213543
4178826,2005-06-20 19:00:00,THEFT,-87.622725822,41.893652298
4091918,2005-06-20 20:00:00,BURGLARY,-87.7385027,41.774284185
4088842,2005-06-20 20:10:00,BATTERY,-87.705535736,41.952726869
4090586,2005-06-20 20:19:54,BATTERY,-87.736580102,41.881915619
4088176,2005-06-20 21:00:00,BATTERY,-87.624221724,41.873963385
4092383,2005-06-20 23:45:00,CRIMINAL DAMAGE,-87.618206966,41.690209699
4092703,2005-06-21 00:01:21,CRIMINAL DAMAGE,-87.603904902,41.748938757
4098984,2005-06-21 01:00:00,BATTERY,-87.664056445,41.773556277
4092577,2005-06-21 01:29:52,BATTERY,-87.720175822,41.950681968
4101542,2005-06-21 03:00:00,THEFT,-87.692714775,41.997680166
4104637,2005-06-21 08:30:00,THEFT,-87.759559887,41.796150799
4091684,2005-06-21 12:30:00,BURGLARY,-87.696466708,41.939400404
4261208,2005-06-21 13:00:00,NARCOTICS,-87.735583932,41.883993322
4100909,2005-06-21 14:22:34,ASSAULT,-87.692629987,41.880202423
4092339,2005-06-21 15:00:00,CRIMINAL TRESPASS,-87.672433484,41.962096426
4092203,2005-06-21 16:00:00,BATTERY,-87.711456662,41.987665384
4091662,2005-06-21 16:30:00,ROBBERY,-87.655369135,41.989521243
4092676,2005-06-21 16:40:00,BATTERY,-87.611919814,41.775732538
4102374,2005-06-21 19:00:00,BURGLARY,-87.65541951,41.753343268
4095624,2005-06-21 19:00:00,BATTERY,-87.715453226,41.867503602
4196014,2005-06-21 19:05:00,NARCOTICS,-87.668564194,41.830468677
4092720,2005-06-21 20:00:00,THEFT,-87.623011066,41.815807797
4204177,2005-06-21 20:00:00,NARCOTICS,-87.74438154,41.886530554
4091589,2005-06-21 20:56:44,PUBLIC PEACE VIOLATION,-87.627847897,41.882446221
4099941,2005-06-21 21:00:00,THEFT,-87.649578133,41.731546281
4096863,2005-06-21 21:10:00,BATTERY,-87.638224621,41.900489748
4099641,2005-06-21 22:16:00,BATTERY,-87.656574103,41.76623457
4096575,2005-06-21 22:30:00,BATTERY,-87.647759435,41.837355239
4178994,2005-06-21 22:42:44,NARCOTICS,-87.763526601,41.893913117
4099352,2005-06-21 23:20:00,OTHER OFFENSE,-87.619283264,41.828748613
4106612,2005-06-22 00:15:00,BATTERY,-87.777733469,41.911694061
4096469,2005-06-22 01:05:00,ASSAULT,-87.751233791,41.881738359
4211280,2005-06-22 01:09:00,PROSTITUTION,-87.628106353,41.8926701
4092170,2005-06-22 02:30:00,ASSAULT,-87.716268995,41.889184811
4094639,2005-06-22 07:00:00,CRIMINAL DAMAGE,-87.622346444,41.858633393
4106035,2005-06-22 07:30:00,BURGLARY,-87.560182233,41.763625742
4104339,2005-06-22 07:55:00,BATTERY,-87.717559399,41.896313046
4103164,2005-06-22 08:30:00,THEFT,-87.626108377,41.743627381
4210834,2005-06-22 08:55:00,PROSTITUTION,-87.746049479,41.90690686
4115072,2005-06-22 09:00:00,DECEPTIVE PRACTICE,-87.645601552,41.838053103
4094267,2005-06-22 10:00:00,CRIMINAL DAMAGE,-87.655842052,41.762300419
4092850,2005-06-22 10:10:00,OTHER OFFENSE,-87.709208124,41.952746892
4093091,2005-06-22 10:15:00,THEFT,-87.714655027,41.904582292
4210961,2005-06-22 10:30:00,NARCOTICS,-87.743174845,41.873192794
